<?xml version="1.0" encoding="UTF-8" standalone="no"?>

<manifest identifier="Course_ID1" version="1.3"
	  xmlns="http://www.imsglobal.org/xsd/imscp_v1p1"
	  xmlns:xsi="http://www.w3.org/2001/XMLSchema-instance"
	  xmlns:adlcp="http://www.adlnet.org/xsd/adlcp_v1p3"
	  xmlns:adlseq="http://www.adlnet.org/xsd/adlseq_v1p3"
	  xmlns:adlnav="http://www.adlnet.org/xsd/adlnav_v1p3"
	  xmlns:imsss="http://www.imsglobal.org/xsd/imsss"
	  xsi:schemaLocation="http://www.imsglobal.org/xsd/imscp_v1p1 imscp_v1p1.xsd
						  http://www.adlnet.org/xsd/adlcp_v1p3 adlcp_v1p3.xsd
						  http://www.adlnet.org/xsd/adlseq_v1p3 adlseq_v1p3.xsd
						  http://www.adlnet.org/xsd/adlnav_v1p3 adlnav_v1p3.xsd
						  http://www.imsglobal.org/xsd/imsss imsss_v1p0.xsd">

	<metadata>
		<schema>ADL SCORM</schema>
		<schemaversion>2004 3rd Edition</schemaversion>
		<adlcp:location>metadata.xml</adlcp:location>
	</metadata>
	
	
	<organizations default="Course_ID1_ORG">
		<organization identifier="Course_ID1_ORG">
			<!--****** Title ******-->
			<title>Planet Earth Online</title>
			<item identifier="SCO_ID1" identifierref="SCO_ID1_RES" isvisible="true">
				<!--****** Title ******-->
				<title>Course Object title</title>
				<metadata>
					<lom xmlns="http://ltsc.ieee.org/xsd/LOM" xmlns:xsi="http://www.w3.org/2001/XMLSchema-instance" xsi:schemaLocation="http://ltsc.ieee.org/xsd/LOM lom.xsd">
						<general>
							<description>
				  				<string language="en-us">The Anthropocene</string> 
				  			</description>
						</general>
					</lom>
				</metadata>
				<imsss:sequencing>
				<imsss:objectives>
					        <imsss:primaryObjective objectiveID="Quiz_201711241499"/>
				</imsss:objectives>
					<imsss:deliveryControls tracked="true" completionSetByContent="true" objectiveSetByContent="true"/>
				</imsss:sequencing>
			</item>
			<metadata>
				<adlcp:location>metadata.xml</adlcp:location>
			</metadata>			
	<imsss:sequencing>
				<imsss:controlMode choice="true" flow="true"/>
                <imsss:rollupRules>
                    <imsss:rollupRule childActivitySet="all">
                        <imsss:rollupConditions>
                            <imsss:rollupCondition condition="satisfied"/>
                        </imsss:rollupConditions>
                        <imsss:rollupAction action="satisfied"/>
                    </imsss:rollupRule>
                    <imsss:rollupRule childActivitySet="all">
                        <imsss:rollupConditions>
                            <imsss:rollupCondition operator="not" condition="satisfied"/>
                        </imsss:rollupConditions>
                        <imsss:rollupAction action="notSatisfied"/>
                    </imsss:rollupRule>
                    <imsss:rollupRule childActivitySet="all">
                        <imsss:rollupConditions>
                            <imsss:rollupCondition condition="completed"/>
                        </imsss:rollupConditions>
                        <imsss:rollupAction action="completed"/>
                    </imsss:rollupRule>
                    <imsss:rollupRule childActivitySet="all">
                        <imsss:rollupConditions>
                            <imsss:rollupCondition operator="not" condition="completed"/>
                        </imsss:rollupConditions>
                        <imsss:rollupAction action="incomplete"/>
                    </imsss:rollupRule>
                </imsss:rollupRules>
			</imsss:sequencing>
		</organization>
	</organizations>
	<resources>
		<resource adlcp:scormType="sco" identifier="SCO_ID1_RES" type="webcontent" href="index_scorm.html">
			<metadata>
				<adlcp:location>metadata.xml</adlcp:location>
			</metadata>
			
			<file href="assets/TOC_icons/collapseIcon.png"></file>
			<file href="index_scorm.html"></file>
			<file href="scormdriver.js"/>
			<file href="browsersniff.js"/>
			
<file href="assets/TOC_icons/expandIcon.png"/> 
<file href="assets/TOC_icons/photo.png"/> 
<file href="assets/css/CPLibraryAll.css"/> 
<file href="assets/css/start/images/animated-overlay.gif"/> 
<file href="assets/css/start/images/ui-bg_flat_55_999999_40x100.png"/> 
<file href="assets/css/start/images/ui-bg_flat_75_aaaaaa_40x100.png"/> 
<file href="assets/css/start/images/ui-bg_glass_45_0078ae_1x400.png"/> 
<file href="assets/css/start/images/ui-bg_glass_55_f8da4e_1x400.png"/> 
<file href="assets/css/start/images/ui-bg_glass_75_79c9ec_1x400.png"/> 
<file href="assets/css/start/images/ui-bg_gloss-wave_45_e14f1c_500x100.png"/> 
<file href="assets/css/start/images/ui-bg_gloss-wave_50_6eac2c_500x100.png"/> 
<file href="assets/css/start/images/ui-bg_gloss-wave_75_2191c0_500x100.png"/> 
<file href="assets/css/start/images/ui-bg_inset-hard_100_fcfdfd_1x100.png"/> 
<file href="assets/css/start/images/ui-icons_0078ae_256x240.png"/> 
<file href="assets/css/start/images/ui-icons_056b93_256x240.png"/> 
<file href="assets/css/start/images/ui-icons_d8e7f3_256x240.png"/> 
<file href="assets/css/start/images/ui-icons_e0fdff_256x240.png"/> 
<file href="assets/css/start/images/ui-icons_f5e175_256x240.png"/> 
<file href="assets/css/start/images/ui-icons_f7a50d_256x240.png"/> 
<file href="assets/css/start/images/ui-icons_fcd113_256x240.png"/> 
<file href="assets/css/start/jquery-ui-1.11.4.custom.css"/> 
<file href="assets/css/start/jquery-ui-1.11.4.custom.min.css"/> 
<file href="assets/htmlimages/Pause.gif"/> 
<file href="assets/htmlimages/Pause2x.gif"/> 
<file href="assets/htmlimages/Play.gif"/> 
<file href="assets/htmlimages/Play2x.gif"/> 
<file href="assets/htmlimages/Play_icon.png"/> 
<file href="assets/htmlimages/arrow_right.gif"/> 
<file href="assets/htmlimages/ccClose.png"/> 
<file href="assets/htmlimages/checkBox_disabled.png"/> 
<file href="assets/htmlimages/checkBox_normal.png"/> 
<file href="assets/htmlimages/checkBox_selected.png"/> 
<file href="assets/htmlimages/checkBox_selectedDisabled.png"/> 
<file href="assets/htmlimages/closeReviewButton.png"/> 
<file href="assets/htmlimages/correct_answer_normal.png"/> 
<file href="assets/htmlimages/correct_answer_small.png"/> 
<file href="assets/htmlimages/correct_question_normal.png"/> 
<file href="assets/htmlimages/correct_question_small.png"/> 
<file href="assets/htmlimages/dd_arrow.png"/> 
<file href="assets/htmlimages/expand_icon.png"/> 
<file href="assets/htmlimages/expand_icon@2x.png"/> 
<file href="assets/htmlimages/gesturemobileicon.png"/> 
<file href="assets/htmlimages/gesturemobileicon@2x.png"/> 
<file href="assets/htmlimages/gesturemobileimage2.png"/> 
<file href="assets/htmlimages/gesturemobilelandscape.png"/> 
<file href="assets/htmlimages/gesturetabletimage.png"/> 
<file href="assets/htmlimages/hotspot.gif"/> 
<file href="assets/htmlimages/hotspot_correct_answer_normal.png"/> 
<file href="assets/htmlimages/hotspot_incorrect_answer_normal.png"/> 
<file href="assets/htmlimages/img_trans.gif"/> 
<file href="assets/htmlimages/incorrect_answer_normal.png"/> 
<file href="assets/htmlimages/incorrect_answer_small.png"/> 
<file href="assets/htmlimages/incorrect_question_normal.png"/> 
<file href="assets/htmlimages/incorrect_question_small.png"/> 
<file href="assets/htmlimages/loader.gif"/> 
<file href="assets/htmlimages/loader_transparent.gif"/> 
<file href="assets/htmlimages/movieexpire.png"/> 
<file href="assets/htmlimages/partial_correct_question_normal.png"/> 
<file href="assets/htmlimages/partial_correct_question_small.png"/> 
<file href="assets/htmlimages/placeholder.png"/> 
<file href="assets/htmlimages/radioButton_disabled.png"/> 
<file href="assets/htmlimages/radioButton_normal.png"/> 
<file href="assets/htmlimages/radioButton_selected.png"/> 
<file href="assets/htmlimages/radioButton_selectedDisabled.png"/> 
<file href="assets/htmlimages/sequenceReview.png"/> 
<file href="assets/htmlimages/skip_answer_normal.png"/> 
<file href="assets/htmlimages/skip_answer_small.png"/> 
<file href="assets/htmlimages/skip_question_normal.png"/> 
<file href="assets/htmlimages/skip_question_small.png"/> 
<file href="assets/htmlimages/toc.png"/> 
<file href="assets/htmlimages/vidbg.png"/> 
<file href="assets/htmlimages/vidfullscreen.png"/> 
<file href="assets/htmlimages/vidpause.png"/> 
<file href="assets/htmlimages/vidplay.png"/> 
<file href="assets/htmlimages/vidrewind.png"/> 
<file href="assets/htmlimages/vidslider.png"/> 
<file href="assets/htmlimages/vidstop.png"/> 
<file href="assets/htmlimages/vidvolume.png"/> 
<file href="assets/htmlimages/vidvolume2.png"/> 
<file href="assets/htmlimages/vidvolumemute.png"/> 
<file href="assets/js/CPM.js"/> 
<file href="assets/js/CPXHRLoader.js"/> 
<file href="assets/js/OpenAjaxManagedHub-all.js"/> 
<file href="assets/js/jquery-1.11.3.min.js"/> 
<file href="assets/playbar/PlaybarIcons/AudioOff.png"/> 
<file href="assets/playbar/PlaybarIcons/AudioOn.png"/> 
<file href="assets/playbar/PlaybarIcons/BackGround.png"/> 
<file href="assets/playbar/PlaybarIcons/Backward.png"/> 
<file href="assets/playbar/PlaybarIcons/CC.png"/> 
<file href="assets/playbar/PlaybarIcons/Color.png"/> 
<file href="assets/playbar/PlaybarIcons/ColorSmall.png"/> 
<file href="assets/playbar/PlaybarIcons/Exit.png"/> 
<file href="assets/playbar/PlaybarIcons/FastForward.png"/> 
<file href="assets/playbar/PlaybarIcons/FastForward1.png"/> 
<file href="assets/playbar/PlaybarIcons/FastForward2.png"/> 
<file href="assets/playbar/PlaybarIcons/Forward.png"/> 
<file href="assets/playbar/PlaybarIcons/Glow.png"/> 
<file href="assets/playbar/PlaybarIcons/GlowSmall.png"/> 
<file href="assets/playbar/PlaybarIcons/Height.png"/> 
<file href="assets/playbar/PlaybarIcons/Pause.png"/> 
<file href="assets/playbar/PlaybarIcons/Play.png"/> 
<file href="assets/playbar/PlaybarIcons/Play_icon.png"/> 
<file href="assets/playbar/PlaybarIcons/Progress.png"/> 
<file href="assets/playbar/PlaybarIcons/Rewind.png"/> 
<file href="assets/playbar/PlaybarIcons/Stroke.png"/> 
<file href="assets/playbar/PlaybarIcons/StrokeSmall.png"/> 
<file href="assets/playbar/PlaybarIcons/TOC.png"/> 
<file href="assets/playbar/PlaybarIcons/Thumb.png"/> 
<file href="assets/playbar/PlaybarIcons/ThumbBase.png"/> 
<file href="assets/playbar/playbarScript.js"/> 
<file href="assets/toc/tocIcons/blankBookmark.png"/> 
<file href="assets/toc/tocIcons/clear.png"/> 
<file href="assets/toc/tocIcons/collapseIcon.png"/> 
<file href="assets/toc/tocIcons/expandIcon.png"/> 
<file href="assets/toc/tocIcons/expander.png"/> 
<file href="assets/toc/tocIcons/fullBookmark.png"/> 
<file href="assets/toc/tocIcons/go.png"/> 
<file href="assets/toc/tocIcons/infoClose.png"/> 
<file href="assets/toc/tocIcons/moreinfo.png"/> 
<file href="assets/toc/tocIcons/photo.png"/> 
<file href="assets/toc/tocIcons/searchBtnNormal.png"/> 
<file href="assets/toc/tocIcons/searchBtnSelect.png"/> 
<file href="assets/toc/tocIcons/visited.png"/> 
<file href="desktop.ini"/> 
<file href="dr/imgmd.json"/> 
<file href="dr/loading.gif"/> 
<file href="goodbye.html"/> 
<file href="index_scorm.html"/> 
<file href="pools/Act3general/Act3general.js"/> 
<file href="pools/Champlain/Champlain.js"/> 
<file href="pools/FinalQ/FinalQ.js"/> 
<file href="pools/FinalQ/dr/209578_1169_779.png"/> 
<file href="pools/FinalQ/dr/211552_2132_1420.png"/> 
<file href="pools/FinalQ/dr/213626_2132_1419.png"/> 
<file href="pools/FinalQ/dr/214124_2132_1419.png"/> 
<file href="pools/FinalQ/dr/216116_2132_1599.png"/> 
<file href="pools/FinalQ/dr/296936_2132_1512.png"/> 
<file href="pools/Geomorph/Geomorph.js"/> 
<file href="pools/Longshore/Longshore.js"/> 
<file href="pools/OakRidges/OakRidges.js"/> 
<file href="pools/WaterHard/WaterHard.js"/> 
<file href="pools/coleman/coleman.js"/> 
<file href="pools/coleman/wr/w_300115/Widget_300115.htm"/> 
<file href="pools/coleman/wr/w_300115/images/Down.png"/> 
<file href="pools/coleman/wr/w_300115/images/Left.png"/> 
<file href="pools/coleman/wr/w_300115/images/RemoveMagnify.png"/> 
<file href="pools/coleman/wr/w_300115/images/Right.png"/> 
<file href="pools/coleman/wr/w_300115/images/Up.png"/> 
<file href="pools/coleman/wr/w_300115/images/ZoomPlus.png"/> 
<file href="pools/coleman/wr/w_300115/images/bar.png"/> 
<file href="pools/coleman/wr/w_300115/images/hand-cursor.png"/> 
<file href="pools/coleman/wr/w_300115/images/loadingGIF.gif"/> 
<file href="pools/coleman/wr/w_300115/images/slider.png"/> 
<file href="pools/coleman/wr/w_300115/scripts/imagezoom.js"/> 
<file href="pools/coleman/wr/w_300115/scripts/jquery.ui.touch-punch.min.js"/> 
<file href="pools/coleman/wr/w_300115/wr_297117.jpeg"/> 
<file href="pools/coleman/wr/w_300175/Widget_300175.htm"/> 
<file href="pools/coleman/wr/w_300175/images/Down.png"/> 
<file href="pools/coleman/wr/w_300175/images/Left.png"/> 
<file href="pools/coleman/wr/w_300175/images/RemoveMagnify.png"/> 
<file href="pools/coleman/wr/w_300175/images/Right.png"/> 
<file href="pools/coleman/wr/w_300175/images/Up.png"/> 
<file href="pools/coleman/wr/w_300175/images/ZoomPlus.png"/> 
<file href="pools/coleman/wr/w_300175/images/bar.png"/> 
<file href="pools/coleman/wr/w_300175/images/hand-cursor.png"/> 
<file href="pools/coleman/wr/w_300175/images/loadingGIF.gif"/> 
<file href="pools/coleman/wr/w_300175/images/slider.png"/> 
<file href="pools/coleman/wr/w_300175/scripts/imagezoom.js"/> 
<file href="pools/coleman/wr/w_300175/scripts/jquery.ui.touch-punch.min.js"/> 
<file href="pools/coleman/wr/w_300175/wr_297117.jpeg"/> 
<file href="pools/coleman/wr/w_300235/Widget_300235.htm"/> 
<file href="pools/coleman/wr/w_300235/images/Down.png"/> 
<file href="pools/coleman/wr/w_300235/images/Left.png"/> 
<file href="pools/coleman/wr/w_300235/images/RemoveMagnify.png"/> 
<file href="pools/coleman/wr/w_300235/images/Right.png"/> 
<file href="pools/coleman/wr/w_300235/images/Up.png"/> 
<file href="pools/coleman/wr/w_300235/images/ZoomPlus.png"/> 
<file href="pools/coleman/wr/w_300235/images/bar.png"/> 
<file href="pools/coleman/wr/w_300235/images/hand-cursor.png"/> 
<file href="pools/coleman/wr/w_300235/images/loadingGIF.gif"/> 
<file href="pools/coleman/wr/w_300235/images/slider.png"/> 
<file href="pools/coleman/wr/w_300235/scripts/imagezoom.js"/> 
<file href="pools/coleman/wr/w_300235/scripts/jquery.ui.touch-punch.min.js"/> 
<file href="pools/coleman/wr/w_300235/wr_297117.jpeg"/> 
<file href="pools/coleman/wr/w_301142/Widget_301142.htm"/> 
<file href="pools/coleman/wr/w_301142/images/Down.png"/> 
<file href="pools/coleman/wr/w_301142/images/Left.png"/> 
<file href="pools/coleman/wr/w_301142/images/RemoveMagnify.png"/> 
<file href="pools/coleman/wr/w_301142/images/Right.png"/> 
<file href="pools/coleman/wr/w_301142/images/Up.png"/> 
<file href="pools/coleman/wr/w_301142/images/ZoomPlus.png"/> 
<file href="pools/coleman/wr/w_301142/images/bar.png"/> 
<file href="pools/coleman/wr/w_301142/images/hand-cursor.png"/> 
<file href="pools/coleman/wr/w_301142/images/loadingGIF.gif"/> 
<file href="pools/coleman/wr/w_301142/images/slider.png"/> 
<file href="pools/coleman/wr/w_301142/scripts/imagezoom.js"/> 
<file href="pools/coleman/wr/w_301142/scripts/jquery.ui.touch-punch.min.js"/> 
<file href="pools/coleman/wr/w_301142/wr_297117.jpeg"/> 
<file href="pools/coleman/wr/w_301522/Widget_301522.htm"/> 
<file href="pools/coleman/wr/w_301522/images/Down.png"/> 
<file href="pools/coleman/wr/w_301522/images/Left.png"/> 
<file href="pools/coleman/wr/w_301522/images/RemoveMagnify.png"/> 
<file href="pools/coleman/wr/w_301522/images/Right.png"/> 
<file href="pools/coleman/wr/w_301522/images/Up.png"/> 
<file href="pools/coleman/wr/w_301522/images/ZoomPlus.png"/> 
<file href="pools/coleman/wr/w_301522/images/bar.png"/> 
<file href="pools/coleman/wr/w_301522/images/hand-cursor.png"/> 
<file href="pools/coleman/wr/w_301522/images/loadingGIF.gif"/> 
<file href="pools/coleman/wr/w_301522/images/slider.png"/> 
<file href="pools/coleman/wr/w_301522/scripts/imagezoom.js"/> 
<file href="pools/coleman/wr/w_301522/scripts/jquery.ui.touch-punch.min.js"/> 
<file href="pools/coleman/wr/w_301522/wr_297117.jpeg"/> 
<file href="pools/coleman/wr/w_302222/Widget_302222.htm"/> 
<file href="pools/coleman/wr/w_302222/images/Down.png"/> 
<file href="pools/coleman/wr/w_302222/images/Left.png"/> 
<file href="pools/coleman/wr/w_302222/images/RemoveMagnify.png"/> 
<file href="pools/coleman/wr/w_302222/images/Right.png"/> 
<file href="pools/coleman/wr/w_302222/images/Up.png"/> 
<file href="pools/coleman/wr/w_302222/images/ZoomPlus.png"/> 
<file href="pools/coleman/wr/w_302222/images/bar.png"/> 
<file href="pools/coleman/wr/w_302222/images/hand-cursor.png"/> 
<file href="pools/coleman/wr/w_302222/images/loadingGIF.gif"/> 
<file href="pools/coleman/wr/w_302222/images/slider.png"/> 
<file href="pools/coleman/wr/w_302222/scripts/imagezoom.js"/> 
<file href="pools/coleman/wr/w_302222/scripts/jquery.ui.touch-punch.min.js"/> 
<file href="pools/coleman/wr/w_302222/wr_297117.jpeg"/> 
<file href="project.txt"/> 
<file href="wr/w_297146/Widget_297146.htm"/> 
<file href="wr/w_297146/images/Down.png"/> 
<file href="wr/w_297146/images/Left.png"/> 
<file href="wr/w_297146/images/RemoveMagnify.png"/> 
<file href="wr/w_297146/images/Right.png"/> 
<file href="wr/w_297146/images/Up.png"/> 
<file href="wr/w_297146/images/ZoomPlus.png"/> 
<file href="wr/w_297146/images/bar.png"/> 
<file href="wr/w_297146/images/hand-cursor.png"/> 
<file href="wr/w_297146/images/loadingGIF.gif"/> 
<file href="wr/w_297146/images/slider.png"/> 
<file href="wr/w_297146/scripts/imagezoom.js"/> 
<file href="wr/w_297146/scripts/jquery.ui.touch-punch.min.js"/> 
<file href="wr/w_297146/wr_297117.jpeg"/> 
<file href="wr/wr_297139/jquery-ui.js"/> 
<file href="Utilities.js"/> 
            </resource>
	</resources>
</manifest>
